<?xml version="1.0" encoding="UTF-8"?>
<feature
      id="com.acme.features"
      label="com.acme.features"
      version="1.0.0"
      provider-name="Acme.com">

   <install-handler/>

   <description url="[Enter Feature URL here.]">
      [Enter Feature Description here.]
   </description>

   <copyright url="[Enter Copyright URL here.]">
      [Enter Copyright Description here.]
   </copyright>

   <license url="[Enter License URL here.]">
      [Enter License Description here.]
   </license>

   <requires>
      <import plugin="org.eclipse.ui"/>
      <import plugin="org.eclipse.core.runtime"/>
      <import plugin="org.eclipse.core.resources"/>
      <import plugin="org.eclipse.ui.ide"/>
   </requires>

   <plugin
         id="com.acme.simple"
         download-size="0"
         install-size="0"
         version="1.0.0"/>

</feature>
