<quotations>
    <author>
        <name>
            <first>Agha</first>
            <middle>Hasan</middle>
            <last>Abedi</last>
        </name>
        <quotation>
            <text> The conventional definition of management is getting work done through people, but real management is developing people through work.</text>
        </quotation>
    </author>

    <author>
        <name>
            <last>Socrates</last>
        </name>
        <quotation>
            <text>I drank what?</text>
        </quotation>
    </author>
 </quotations>