<?xml version="1.0" encoding="UTF-8"?><entrypoints>
  <entrypoint>
    <name>icon</name>
    <uri>ffcpl:/graph/icon.png</uri>
    <indexable>
      <title>Module Icon</title>
      <desc>
      </desc>
      <keywords/>
    </indexable>
    <categories>img hidden</categories>
    <group>entrypoints</group>
    <icon/>
  </entrypoint>
  <entrypoint>
    <name>index_urn:nfjs:graph</name>
    <uri>ffcpl:/graph/index.idoc</uri>
    <indexable>
      <title>Sample DPML</title>
      <desc>Executes the sample DPML script</desc>
      <keywords/>
    </indexable>
    <categories>app</categories>
    <group>entrypoints</group>
    <icon/>
  </entrypoint>
  <entrypoint>
    <name>script_urn:nfjs:graph</name>
    <uri>ffcpl:/graph/index.bs</uri>
    <indexable>
      <title>Sample Beanshell</title>
      <desc>Executes the sample beanshell script</desc>
      <keywords/>
    </indexable>
    <categories>app</categories>
    <group>entrypoints</group>
    <icon/>
  </entrypoint>
  <entrypoint>
    <name>sample_accessor_urn:nfjs:graph</name>
    <uri>active:NullOp+operand@data%3Atext/xml,%3Cmessage%3Eexecuted%3C/message%3E</uri>
    <indexable>
      <title>Null Accessor</title>
      <desc>This accessor performs a null transform on an XML document</desc>
      <keywords/>
    </indexable>
    <categories>URA</categories>
    <group>entrypoints</group>
    <icon/>
  </entrypoint>
</entrypoints>
