<?xml version="1.0" encoding="UTF-8"?><module>
    <identity>
		<uri>urn:nfjs:graph</uri>
		<version>1.0.0</version>
    </identity>
	<info>
		<name>Graph Module</name>
        <description>A module for generating Pie Chart graphs</description>
		<type>application</type>
    </info>
	<export>
	<uri>
      <match>ffcpl:/graph.*</match>
      <match>ffcpl:/entrypoints.xml</match>
    </uri>
	<class/>
	</export>
	<rewrite>
    <rule>
      <match>ffcpl:/graph/nfjs(.*)</match>
      <to>ffcpl:/resources/nfjs.bsh+path@$1</to>
    </rule>    
    <rule>
      <match>ffcpl:/graph/tools(.*)</match>
      <to>ffcpl:/resources/tools.bsh+path@$1</to>
    </rule>        
	    
    <rule>
      <match>ffcpl:/graph(.*)</match>
      <to>ffcpl:/resources/graph.bsh+path@$1</to>
    </rule>
    <rule>
      <match>(ffcpl:.*\.idoc.*)</match>
      <to>active:dpml+operand@$1</to>
    </rule>
    <rule>
      <match>(ffcpl:.*\.bs.*)</match>
      <to>active:beanshell+operator@$1</to>
    </rule>
  </rewrite>
    <mapping>
		<this>
      <match>ffcpl:/resources/.*</match>
      <match>ffcpl:/entrypoints.xml</match>
    </this>
		<import>
			<uri>urn:org:ten60:netkernel:ext:layer1</uri>
		</import>
		<import>
			<uri>urn:org:ten60:netkernel:ext:xml:core</uri>
		</import>
		<import>
			<uri>urn:org:ten60:netkernel:ext:xml:ura</uri>
		</import>
		<import>
			<uri>urn:org:ten60:netkernel:ext:sys</uri>
		</import>
    <import>
      <uri>urn:org:ten60:netkernel:ext:dpml</uri>
    </import>
    <import>
      <uri>urn:org:ten60:netkernel:ext:script</uri>
    </import>
    <super/>
  </mapping>
</module>
