<quotations>
<!--    <readers>
        <name>
            <first>Brian</first>
            <last>Sletten</last>
        </name>
    </readers> -->
    <author>
        <name>
            <first>Agha</first>
            <middle>Hasan</middle>
            <last>Abedi</last>
        </name>
        <quotation>
            <text> The conventional definition of management is getting work done through people, but real management is developing people through work.</text>
        </quotation>
    </author>

    <author>
        <name>
            <first>Edward</first>
            <last>Abbey</last>
        </name>
        <quotation>
            <text>If the end does not justify the means - what can?</text>
        </quotation>
        <quotation>
            <text>You can't study the darkness by flooding it with light.</text>
        </quotation>
    </author>
	<author>
		<name>
			<first>Graham</first>
			<last>Greene</last>
		</name>
		<quotation>
			<text>When we are not sure, we are alive.</text>
		</quotation>
	</author>
	<author>
		<name>
			<first>Lee</first>
			<last>Gomes</last>
		</name>
		<quotation>
			<text>While modern technology has given people powerful new communication tools, it apparently can do nothing to alter the fact that many people have nothing useful to say.</text>
		</quotation>
	</author>
	<author>
		<name>
			<first>Gustav</first>
			<last>Flaubert</last>
		</name>
		<quotation>
			<text>Life is like a bowl of soup with hairs floating on it. You have to eat it nevertheless.</text>
		</quotation>
	</author>
 </quotations>
