<module>
	<identity>
		<uri>urn:net:bosatsu:briansample</uri>
	</identity>
	<info>
	</info>
	<export>
		<uri>
			<match>.*:/brian/.*</match>
		</uri>
	</export>
	<rewrite>
		<rule>
			<match>(.*)/</match>
			<to>$1/index.html</to>
		</rule>
		<rule>
			<match>ffcpl:/brian/(.*)</match>
			<to>ffcpl:/$1</to>
		</rule>
		<rule>
			<match>ffcpl:/brian/public/(.*)</match>
			<to>ffcpl:/$1</to>
		</rule>	
		<rule>
			<match>(.*\.bsh)(.*)</match>
			<to>active:beanshell+operator@$1$2</to>
		</rule>
	</rewrite>
	<mapping>
		<this>
			<match>ffcpl:/.*</match>
		</this> 
		<import>
			<uri>urn:org:ten60:netkernel:ext:script</uri>
		</import>
		<import>
			<uri>urn:org:ten60:netkernel:ext:xml:core</uri>
		</import>
		<import>
			<uri>urn:org:ten60:netkernel:ext:xml:ura</uri>
		</import>
		<import>
			<uri>urn:org:ten60:netkernel:ext:layer1</uri>
		</import>
		<import>
			<uri>urn:org:ten60:netkernel:ext:dpml</uri>
		</import>
		<import>
			<uri>urn:org:ten60:netkernel:ext:http:client </uri>
		</import>	
	</mapping>
</module>