<?xml version="1.0" encoding="UTF-8"?>
<!--

  All content copyright (c) 2003-2007 Terracotta, Inc.,
  except as may otherwise be noted in a separate copyright notice.
  All rights reserved.

-->
<tc:tc-config xmlns:tc="http://www.terracotta.org/config"
  xmlns:xsi="http://www.w3.org/2001/XMLSchema-instance"
  xsi:schemaLocation="http://www.terracotta.org/schema/terracotta-4.xsd">
  <!-- Server is colocated with client and DSO is listening on
       default port (9510). -->
  <servers>
    <server host="%i" name="sample"/>
    <update-check>
      <enabled>true</enabled>
    </update-check>
  </servers>

  <!-- Tell DSO where to put the generated client logs
       See the Terracotta Configuration Guide and Reference for additional
       information. -->
  <clients>
    <logs>terracotta/client-logs/spring/events/%D</logs>
    <statistics>terracotta/client-statistics/spring/events/%D</statistics>
  </clients>

  <application>
    <!-- See the Terracotta Spring Guide for more details of the the <spring/> 
         section of the tc-config file -->
    <spring>
      <!-- Tell DSO about the webapp we're sharing; the name attribute
           typically correspond to the name of the WAR file that you use -->
      <jee-application name="events">
        <application-contexts>
          <application-context>
            <!-- Tell DSO the location of the bean definition file for this 
                 application context -->
            <paths>
              <path>*/applicationContext.xml</path>
            </paths>
            <!-- Tell DSO which events are distributed; Distributed events occur 
                 across all instances of the application no matter which node/context 
                 originated the event -->
            <distributed-events>
              <distributed-event>demo.events.MessageEvent</distributed-event>
            </distributed-events>
          </application-context>
        </application-contexts>
      </jee-application>
    </spring>
  </application>
</tc:tc-config>
