<?xml version="1.0" encoding="UTF-8"?>
<project-private xmlns="http://www.netbeans.org/ns/project-private/1">
    <editor-bookmarks xmlns="http://www.netbeans.org/ns/editor-bookmarks/1">
        <file>
            <url>test/org/cas/judemo/Parrot44TestSuite.java</url>
            <line>13</line>
        </file>
    </editor-bookmarks>
    <open-files xmlns="http://www.netbeans.org/ns/projectui-open-files/1">
        <file>file:/home/cas/Desktop/JUG%20-%20April%2010/NetBeansProjects/PetShoppe/test/org/cas/judemo/ParrotTest.java</file>
        <file>file:/home/cas/Desktop/JUG%20-%20April%2010/NetBeansProjects/PetShoppe/test/org/cas/judemo/ParrotTestSuite.java</file>
        <file>file:/home/cas/Desktop/JUG%20-%20April%2010/NetBeansProjects/PetShoppe/test/org/cas/judemo/PetShoppeTest.java</file>
    </open-files>
</project-private>
