<?xml version="1.0" encoding="UTF-8"?>
<!DOCTYPE hibernate-mapping PUBLIC "-//Hibernate/Hibernate Mapping DTD 3.0//EN"
    "http://hibernate.sourceforge.net/hibernate-mapping-3.0.dtd">
    
<hibernate-mapping default-lazy="false">
  
   <class name="media.Media" table="t_media">
       <id name="id" type="long" unsaved-value="null">
           <generator class="identity"/>
       </id>
       <property name="title" column="Title" not-null="false"/>
       <property name="artist" column="Artist" not-null="false"/>
       <property name="genre" column="Genre" not-null="false"/>
       <property name="numPlayers" column="NumPlayers" not-null="false"/>
       <property name="type" column="Type" not-null="true"/>
   </class>
  
</hibernate-mapping>
