<!DOCTYPE ui:UiBinder SYSTEM "http://dl.google.com/gwt/DTD/xhtml.ent">
<ui:UiBinder xmlns:ui="urn:ui:com.google.gwt.uibinder"
	xmlns:g="urn:import:com.google.gwt.user.client.ui"
	xmlns:u="urn:import:com.google.gwt.user.cellview.client">
	<ui:style>
		.important {
			font-weight: bold;
		}
	</ui:style>
	
	<!--<ui:with type="org.me.library.client.widgets.LibraryCss" field="res"/>-->
	
	<g:DockLayoutPanel unit="EM">
		<g:north size='2'>
			<g:HTML><div class="{style.important} ">Your book list:</div></g:HTML>
		</g:north>
		<g:center>
			<u:CellTable ui:field="cellTable" />
		</g:center>
		<g:south size="2">
			<u:SimplePager ui:field="cellPager" location="LEFT" />
		</g:south>
	</g:DockLayoutPanel>
	
</ui:UiBinder> 