<?xml version="1.0" encoding="UTF-8"?>
<con:tc-config xmlns:con="http://www.terracotta.org/config">
  <servers>
    <server host="%i" name="localhost">
      <dso-port>9510</dso-port>
      <jmx-port>9520</jmx-port>
      <data>terracotta/server-data</data>
      <logs>terracotta/server-logs</logs>
      <dso>
        <persistence>
          <mode>temporary-swap-only</mode>
        </persistence>
      </dso>
    </server>
  </servers>
  <clients>
    <logs>terracotta/client-logs</logs>
  </clients>
  <application>
    <dso>
      <instrumented-classes>
        <include>
          <class-expression>SharedData</class-expression>
        </include>
        <include>
          <class-expression>Main</class-expression>
        </include>
      </instrumented-classes>
      <roots>
        <root>
          <field-name>Main.data</field-name>
        </root>
      </roots>
      <locks>
        <autolock>
          <method-expression>void SharedData.addName(java.lang.String)</method-expression>
          <lock-level>write</lock-level>
        </autolock>
        <autolock>
          <method-expression>void SharedData.removeName(java.lang.String)</method-expression>
          <lock-level>write</lock-level>
        </autolock>
        <autolock>
          <method-expression>java.util.Date SharedData.getJoined(java.lang.String)</method-expression>
          <lock-level>read</lock-level>
        </autolock>
        <autolock>
          <method-expression>java.util.Set SharedData.getNames()</method-expression>
          <lock-level>read</lock-level>
        </autolock>
      </locks>
    </dso>
  </application>
</con:tc-config>