{
    "items" : [
        {   type :                  "Nobelist",
            label :                 "Burton Richter",
            discipline :            "Physics",
            shared :                "yes",
            "last-name" :           "Richter",
            "nobel-year" :          "1976",
            relationship :          "alumni",
            "co-winner" :           "Samuel C.C. Ting",
            "relationship-detail" : "MIT S.B. 1952, Ph.D. 1956",
            imageURL :              "http://nobelprize.org/nobel_prizes/physics/laureates/1976/richter_thumb.jpg"
        },
        {   type :                  "Nobelist",
            label :                 "George A. Akerlof",
            discipline :            "Economics",
            shared :                "yes",
            "last-name" :           "Akerlof",
            "nobel-year" :          "2001",
            relationship :          "alumni",
            "relationship-detail" : "MIT Ph.D. 1966",
            imageURL :              "http://nobelprize.org/nobel_prizes/economics/laureates/2001/akerlof_thumb.jpg"
        }
    ]
}