<?xml version="1.0" encoding="UTF-8"?>

<beans xmlns="http://www.springframework.org/schema/beans" 
    xmlns:xsi="http://www.w3.org/2001/XMLSchema-instance"
    xmlns:p="http://www.springframework.org/schema/p"
    xmlns:cache="http://www.springframework.org/schema/cache"
    xsi:schemaLocation="http://www.springframework.org/schema/beans 
        http://www.springframework.org/schema/beans/spring-beans.xsd
        http://www.springframework.org/schema/cache 
        http://www.springframework.org/schema/cache/spring-cache-3.1.xsd">
    
     <cache:annotation-driven />
     
	<!-- generic cache manager -->
	<bean id="cacheManager" class="org.springframework.cache.support.SimpleCacheManager">
	  <property name="caches">
	    <set>
	      <bean class="org.springframework.cache.concurrent.ConcurrentMapCacheFactoryBean" 
	               p:name="media"/>
	    </set>
	  </property>
	</bean>


    <!-- Using Ehcache -->
	<bean id="ehcacheManager" class="org.springframework.cache.ehcache.EhcacheCacheManager" 
	    p:cache-manager="ehcache"/>
	
	<!-- Ehcache library setup -->
	<bean id="ehcache" class="org.springframework.cache.ehcache.EhCacheManagerFactoryBean" 
	    p:config-location="ehcache.xml"/>
    
    
</beans>
